A,B
eo3gwx53vxeyvzjlubu15hcb,yka6ny5jgped8pshetjk2xv0
nunnmd1lquu530b2sy1nyjue,eo3gwx53vxeyvzjlubu15hcb
owo9lsq5jv8z4cpkxe2becth,nunnmd1lquu530b2sy1nyjue
dae4wga4salqkrtu2944r4lb,owo9lsq5jv8z4cpkxe2becth
dl463r3kjr3hzru77attf0zb,yka6ny5jgped8pshetjk2xv0
i3k0kvjjddx206t0ickm50sz,dae4wga4salqkrtu2944r4lb
nicd7kzvtupu6ciwhf81ytgo,mroroh6vjecxka9eh8ljta8v
nicd7kzvtupu6ciwhf81ytgo,dl463r3kjr3hzru77attf0zb
ezj4u6wzzgpw6f6e4cp0fiys,yka6ny5jgped8pshetjk2xv0
ezj4u6wzzgpw6f6e4cp0fiys,dl463r3kjr3hzru77attf0zb
jixntkmt2lq1c918nn2zap2b,ezj4u6wzzgpw6f6e4cp0fiys
