accountId,write_id
cluhz95c5000078elg5r46i83,d06b4d1a-ca5d-49e2-8a3a-351043a0a21a
q6gowl4pci6oi0hmvks4nl7f,84408bf6-e9f6-4077-b8a8-ad9302183762
mnrc2ga3zac8wm2wz26529kh,0f516091-0709-4214-a79a-f6ea92c47042
f96518j3j8svzojw9dc0nmtq,a2da90b2-2153-4d4b-ad65-4ba39e763983
g9vkvfipltvxxaihd6b5wnms,18600846-abb4-4ec6-a4f3-47b0b9d931e9
idecgnroawoytzeq8sjfzn2h,9c0127e5-b88d-4ab9-a506-00b9d2286002
x7hvhka59b1m268kv1m3x5u5,975b7fa1-4a2b-4435-8235-a685d0e6a9af
u2vu4bmqq9bikzf8vufz4bpe,0f548b01-e068-4e9a-8c85-23728f9d2ab4
hfvmz4bvln2ny576lxcchd22,b7cd37d5-8953-4bb5-8da0-5eeeced9c4de
zkdbkt87z59uyfdurs1v266f,7fd7863a-9576-4de1-a37f-849aa5db77cb
g9ipebi5ytpn4ta2nidfn9ak,199ac05b-b3f0-4f08-bc86-8e30b6894644
tfdmy0klqn66j78kpuv60l05,bcedcf0f-7847-417c-b1f5-851f693441f6
f02x96hfi9q39ahwbgw1ose7,9906fb32-102b-4982-9b58-44d9733a58c8
hxwe7ntigcloumpmeimd176n,3d008530-239d-4b72-ba53-106cabea60dd
h37iu7eirkb5dc5n9ymarowy,74349e6d-487d-45ab-a7e3-7bc8c0219123